design_name,fold,target,design_rows,r2,mae,rmse,true_min,true_max,true_mean,pred_mean,mean_error,model,source_path
i2c,,total_negative_slack_ns,,0.160720527805338,,,,,,,,graph_model,C:\Users\DeAndre\Documents\Spring 2026\nndl\final_project\PPA-Estimation-Project\modeling\data\tns_cross_validation_best_epoch_per_design_summary.csv
i2c,2.0,total_negative_slack_ns,288.0,-18.134523391723636,49.47115707397461,50.39728546142578,-33.42695617675781,0.0,-7.131219863891602,42.339935302734375,49.47115707397461,linear_regression,C:\Users\DeAndre\Documents\Spring 2026\nndl\final_project\PPA-Estimation-Project\modeling\results\linear_regression\run_084\design_metrics.csv
i2c,2.0,total_negative_slack_ns,288.0,-3.441908359527588,22.10415267944336,24.281925201416016,-33.42695617675781,0.0,-7.131219863891602,14.972932815551758,22.10415267944336,mlp,C:\Users\DeAndre\Documents\Spring 2026\nndl\final_project\PPA-Estimation-Project\modeling\results\mlp_seed_sweep_new_ast\run_005\design_metrics.csv
s1196,,total_negative_slack_ns,,-7.503229315838038,,,,,,,,graph_model,C:\Users\DeAndre\Documents\Spring 2026\nndl\final_project\PPA-Estimation-Project\modeling\data\tns_cross_validation_best_epoch_per_design_summary.csv
s1196,1.0,total_negative_slack_ns,288.0,-4.102504730224609,6.308896541595459,6.548590660095215,-8.146805763244629,0.0,-2.3030331134796143,4.005863666534424,6.308896541595459,linear_regression,C:\Users\DeAndre\Documents\Spring 2026\nndl\final_project\PPA-Estimation-Project\modeling\results\linear_regression\run_084\design_metrics.csv
s1196,1.0,total_negative_slack_ns,288.0,0.8578231930732727,0.8873235583305359,1.0931267738342283,-8.146805763244629,0.0,-2.3030331134796143,-1.6972625255584717,0.6057707667350769,mlp,C:\Users\DeAndre\Documents\Spring 2026\nndl\final_project\PPA-Estimation-Project\modeling\results\mlp_seed_sweep_new_ast\run_005\design_metrics.csv
s1238,,total_negative_slack_ns,,0.4164547657792334,,,,,,,,graph_model,C:\Users\DeAndre\Documents\Spring 2026\nndl\final_project\PPA-Estimation-Project\modeling\data\tns_cross_validation_best_epoch_per_design_summary.csv
s1238,3.0,total_negative_slack_ns,288.0,-2.793030261993408,6.015931606292725,6.260206699371338,-9.127351760864258,0.0,-2.787226438522339,3.2287051677703857,6.015931606292725,linear_regression,C:\Users\DeAndre\Documents\Spring 2026\nndl\final_project\PPA-Estimation-Project\modeling\results\linear_regression\run_084\design_metrics.csv
s1238,3.0,total_negative_slack_ns,288.0,0.7258912920951843,1.410017490386963,1.6828947067260742,-9.127351760864258,0.0,-2.787226438522339,-1.562469244003296,1.2247570753097534,mlp,C:\Users\DeAndre\Documents\Spring 2026\nndl\final_project\PPA-Estimation-Project\modeling\results\mlp_seed_sweep_new_ast\run_005\design_metrics.csv
s13207,,total_negative_slack_ns,,-0.156387173140041,,,,,,,,graph_model,C:\Users\DeAndre\Documents\Spring 2026\nndl\final_project\PPA-Estimation-Project\modeling\data\tns_cross_validation_best_epoch_per_design_summary.csv
s13207,1.0,total_negative_slack_ns,288.0,-0.0484344959259033,38.38845443725586,56.67078399658203,-152.84768676757812,0.0,-39.19118118286133,-19.66940689086914,19.521774291992188,linear_regression,C:\Users\DeAndre\Documents\Spring 2026\nndl\final_project\PPA-Estimation-Project\modeling\results\linear_regression\run_084\design_metrics.csv
s13207,1.0,total_negative_slack_ns,288.0,0.989572823047638,4.190097808837891,5.651600360870361,-152.84768676757812,0.0,-39.19118118286133,-37.24864196777344,1.9425358772277832,mlp,C:\Users\DeAndre\Documents\Spring 2026\nndl\final_project\PPA-Estimation-Project\modeling\results\mlp_seed_sweep_new_ast\run_005\design_metrics.csv
s1423,,total_negative_slack_ns,,-1.3295000888300086,,,,,,,,graph_model,C:\Users\DeAndre\Documents\Spring 2026\nndl\final_project\PPA-Estimation-Project\modeling\data\tns_cross_validation_best_epoch_per_design_summary.csv
s1423,4.0,total_negative_slack_ns,288.0,-0.9755326509475708,14.856700897216797,21.12548828125,-40.30670166015625,0.0,-14.81924819946289,-0.114503301680088,14.704744338989258,linear_regression,C:\Users\DeAndre\Documents\Spring 2026\nndl\final_project\PPA-Estimation-Project\modeling\results\linear_regression\run_084\design_metrics.csv
s1423,4.0,total_negative_slack_ns,288.0,-0.1180698871612548,11.49016571044922,15.892752647399902,-40.30670166015625,0.0,-14.81924819946289,-3.688113212585449,11.131134033203123,mlp,C:\Users\DeAndre\Documents\Spring 2026\nndl\final_project\PPA-Estimation-Project\modeling\results\mlp_seed_sweep_new_ast\run_005\design_metrics.csv
s1488,,total_negative_slack_ns,,-0.2157674609167561,,,,,,,,graph_model,C:\Users\DeAndre\Documents\Spring 2026\nndl\final_project\PPA-Estimation-Project\modeling\data\tns_cross_validation_best_epoch_per_design_summary.csv
s1488,2.0,total_negative_slack_ns,288.0,-1.2705190181732178,4.744608402252197,5.224442481994629,-9.541492462158203,0.0,-2.5044665336608887,2.240142345428467,4.744608402252197,linear_regression,C:\Users\DeAndre\Documents\Spring 2026\nndl\final_project\PPA-Estimation-Project\modeling\results\linear_regression\run_084\design_metrics.csv
s1488,2.0,total_negative_slack_ns,288.0,0.9070335626602172,0.8567440509796143,1.057159423828125,-9.541492462158203,0.0,-2.5044665336608887,-3.0606539249420166,-0.5561872720718384,mlp,C:\Users\DeAndre\Documents\Spring 2026\nndl\final_project\PPA-Estimation-Project\modeling\results\mlp_seed_sweep_new_ast\run_005\design_metrics.csv
s15850,,total_negative_slack_ns,,-0.4124748071668771,,,,,,,,graph_model,C:\Users\DeAndre\Documents\Spring 2026\nndl\final_project\PPA-Estimation-Project\modeling\data\tns_cross_validation_best_epoch_per_design_summary.csv
s15850,1.0,total_negative_slack_ns,288.0,-0.2619794607162475,48.24633407592773,70.82372283935547,-176.63528442382812,0.0,-55.19429016113281,-18.62717628479004,36.56710433959961,linear_regression,C:\Users\DeAndre\Documents\Spring 2026\nndl\final_project\PPA-Estimation-Project\modeling\results\linear_regression\run_084\design_metrics.csv
s15850,1.0,total_negative_slack_ns,288.0,0.9879934787750244,5.177565574645996,6.908136367797852,-176.63528442382812,0.0,-55.19429016113281,-53.11817932128906,2.0761070251464844,mlp,C:\Users\DeAndre\Documents\Spring 2026\nndl\final_project\PPA-Estimation-Project\modeling\results\mlp_seed_sweep_new_ast\run_005\design_metrics.csv
s298,,total_negative_slack_ns,,-247.22430253998036,,,,,,,,graph_model,C:\Users\DeAndre\Documents\Spring 2026\nndl\final_project\PPA-Estimation-Project\modeling\data\tns_cross_validation_best_epoch_per_design_summary.csv
s298,3.0,total_negative_slack_ns,288.0,-6.64968729019165,2.271035432815552,3.138094425201416,-3.157489061355591,0.0,-0.5928377509117126,1.3529961109161377,1.9458338022232056,linear_regression,C:\Users\DeAndre\Documents\Spring 2026\nndl\final_project\PPA-Estimation-Project\modeling\results\linear_regression\run_084\design_metrics.csv
s298,3.0,total_negative_slack_ns,288.0,-2.5520057678222656,1.592132329940796,2.1383607387542725,-3.157489061355591,0.0,-0.5928377509117126,-1.9254460334777832,-1.3326084613800049,mlp,C:\Users\DeAndre\Documents\Spring 2026\nndl\final_project\PPA-Estimation-Project\modeling\results\mlp_seed_sweep_new_ast\run_005\design_metrics.csv
s344,,total_negative_slack_ns,,-18.66144632694939,,,,,,,,graph_model,C:\Users\DeAndre\Documents\Spring 2026\nndl\final_project\PPA-Estimation-Project\modeling\data\tns_cross_validation_best_epoch_per_design_summary.csv
s344,2.0,total_negative_slack_ns,288.0,-4.429238796234131,3.0021533966064453,3.760483503341675,-4.482790946960449,0.0,-0.950855016708374,2.050705909729004,3.001561164855957,linear_regression,C:\Users\DeAndre\Documents\Spring 2026\nndl\final_project\PPA-Estimation-Project\modeling\results\linear_regression\run_084\design_metrics.csv
s344,2.0,total_negative_slack_ns,288.0,-2.547286033630371,2.3890695571899414,3.0396411418914795,-4.482790946960449,0.0,-0.950855016708374,-3.00435733795166,-2.053502559661865,mlp,C:\Users\DeAndre\Documents\Spring 2026\nndl\final_project\PPA-Estimation-Project\modeling\results\mlp_seed_sweep_new_ast\run_005\design_metrics.csv
s349,,total_negative_slack_ns,,-23.490111216358734,,,,,,,,graph_model,C:\Users\DeAndre\Documents\Spring 2026\nndl\final_project\PPA-Estimation-Project\modeling\data\tns_cross_validation_best_epoch_per_design_summary.csv
s349,1.0,total_negative_slack_ns,288.0,-1.8750407695770264,2.3543975353240967,3.1018435955047607,-4.973042011260986,0.0,-1.0988430976867676,1.1985621452331543,2.2974050045013428,linear_regression,C:\Users\DeAndre\Documents\Spring 2026\nndl\final_project\PPA-Estimation-Project\modeling\results\linear_regression\run_084\design_metrics.csv
s349,1.0,total_negative_slack_ns,288.0,-1.564871072769165,2.249397039413452,2.929750680923462,-4.973042011260986,0.0,-1.0988430976867676,-3.341795921325684,-2.242953300476074,mlp,C:\Users\DeAndre\Documents\Spring 2026\nndl\final_project\PPA-Estimation-Project\modeling\results\mlp_seed_sweep_new_ast\run_005\design_metrics.csv
s35932,,total_negative_slack_ns,,-0.2132704365587863,,,,,,,,graph_model,C:\Users\DeAndre\Documents\Spring 2026\nndl\final_project\PPA-Estimation-Project\modeling\data\tns_cross_validation_best_epoch_per_design_summary.csv
s35932,5.0,total_negative_slack_ns,288.0,-0.096181035041809,96.0633544921875,146.7769012451172,-438.6055908203125,0.0,-88.74264526367188,-39.41342544555664,49.329219818115234,linear_regression,C:\Users\DeAndre\Documents\Spring 2026\nndl\final_project\PPA-Estimation-Project\modeling\results\linear_regression\run_084\design_metrics.csv
s35932,5.0,total_negative_slack_ns,288.0,0.9661138653755188,16.24777603149414,25.806415557861328,-438.6055908203125,0.0,-88.74264526367188,-88.61862182617188,0.1240285262465477,mlp,C:\Users\DeAndre\Documents\Spring 2026\nndl\final_project\PPA-Estimation-Project\modeling\results\mlp_seed_sweep_new_ast\run_005\design_metrics.csv
s382,,total_negative_slack_ns,,-2.053554279530235,,,,,,,,graph_model,C:\Users\DeAndre\Documents\Spring 2026\nndl\final_project\PPA-Estimation-Project\modeling\data\tns_cross_validation_best_epoch_per_design_summary.csv
s382,4.0,total_negative_slack_ns,288.0,-0.321419358253479,1.1437249183654783,2.010138511657715,-4.823084831237793,0.0,-0.9624850749969482,-0.1941439807415008,0.7683411240577698,linear_regression,C:\Users\DeAndre\Documents\Spring 2026\nndl\final_project\PPA-Estimation-Project\modeling\results\linear_regression\run_084\design_metrics.csv
s382,4.0,total_negative_slack_ns,288.0,0.5461347103118896,0.8300938010215759,1.1780647039413452,-4.823084831237793,0.0,-0.9624850749969482,-1.5284764766693115,-0.5659915208816528,mlp,C:\Users\DeAndre\Documents\Spring 2026\nndl\final_project\PPA-Estimation-Project\modeling\results\mlp_seed_sweep_new_ast\run_005\design_metrics.csv
s38417,,total_negative_slack_ns,,-0.2225385044891463,,,,,,,,graph_model,C:\Users\DeAndre\Documents\Spring 2026\nndl\final_project\PPA-Estimation-Project\modeling\data\tns_cross_validation_best_epoch_per_design_summary.csv
s38417,3.0,total_negative_slack_ns,288.0,-0.340433120727539,131.81460571289062,210.5728302001953,-513.5249633789062,0.0,-134.61981201171875,-24.54802703857422,110.07179260253906,linear_regression,C:\Users\DeAndre\Documents\Spring 2026\nndl\final_project\PPA-Estimation-Project\modeling\results\linear_regression\run_084\design_metrics.csv
s38417,3.0,total_negative_slack_ns,288.0,0.9128729701042176,33.39884948730469,53.68540191650391,-513.5249633789062,0.0,-134.61981201171875,-118.26162719726562,16.358177185058594,mlp,C:\Users\DeAndre\Documents\Spring 2026\nndl\final_project\PPA-Estimation-Project\modeling\results\mlp_seed_sweep_new_ast\run_005\design_metrics.csv
s38584,,total_negative_slack_ns,,-0.1319812004352027,,,,,,,,graph_model,C:\Users\DeAndre\Documents\Spring 2026\nndl\final_project\PPA-Estimation-Project\modeling\data\tns_cross_validation_best_epoch_per_design_summary.csv
s38584,2.0,total_negative_slack_ns,288.0,-0.2871285676956177,135.24807739257812,220.6375274658203,-531.3651123046875,0.0,-137.66419982910156,-29.23602294921875,108.4281768798828,linear_regression,C:\Users\DeAndre\Documents\Spring 2026\nndl\final_project\PPA-Estimation-Project\modeling\results\linear_regression\run_084\design_metrics.csv
s38584,2.0,total_negative_slack_ns,288.0,0.9933041930198668,9.039987564086914,15.913623809814451,-531.3651123046875,0.0,-137.66419982910156,-137.43264770507812,0.2315495312213897,mlp,C:\Users\DeAndre\Documents\Spring 2026\nndl\final_project\PPA-Estimation-Project\modeling\results\mlp_seed_sweep_new_ast\run_005\design_metrics.csv
s386,,total_negative_slack_ns,,-1.610587968448625,,,,,,,,graph_model,C:\Users\DeAndre\Documents\Spring 2026\nndl\final_project\PPA-Estimation-Project\modeling\data\tns_cross_validation_best_epoch_per_design_summary.csv
s386,5.0,total_negative_slack_ns,288.0,-16.011741638183594,4.348295211791992,4.811831951141357,-3.1184980869293213,0.0,-0.746756911277771,3.60153865814209,4.348295211791992,linear_regression,C:\Users\DeAndre\Documents\Spring 2026\nndl\final_project\PPA-Estimation-Project\modeling\results\linear_regression\run_084\design_metrics.csv
s386,5.0,total_negative_slack_ns,288.0,-0.4744117259979248,1.1353442668914795,1.41659414768219,-3.1184980869293213,0.0,-0.746756911277771,-1.875783085823059,-1.129026174545288,mlp,C:\Users\DeAndre\Documents\Spring 2026\nndl\final_project\PPA-Estimation-Project\modeling\results\mlp_seed_sweep_new_ast\run_005\design_metrics.csv
s400,,total_negative_slack_ns,,-5.307203454416452,,,,,,,,graph_model,C:\Users\DeAndre\Documents\Spring 2026\nndl\final_project\PPA-Estimation-Project\modeling\data\tns_cross_validation_best_epoch_per_design_summary.csv
s400,4.0,total_negative_slack_ns,288.0,-0.3134956359863281,1.0508664846420288,1.8760627508163448,-4.488002777099609,0.0,-0.8724053502082825,-0.1808898001909256,0.6915156245231628,linear_regression,C:\Users\DeAndre\Documents\Spring 2026\nndl\final_project\PPA-Estimation-Project\modeling\results\linear_regression\run_084\design_metrics.csv
s400,4.0,total_negative_slack_ns,288.0,0.1133517026901245,1.070994257926941,1.5413765907287598,-4.488002777099609,0.0,-0.8724053502082825,-1.7446458339691162,-0.8722404837608337,mlp,C:\Users\DeAndre\Documents\Spring 2026\nndl\final_project\PPA-Estimation-Project\modeling\results\mlp_seed_sweep_new_ast\run_005\design_metrics.csv
s420,,total_negative_slack_ns,,0.1311237270909374,,,,,,,,graph_model,C:\Users\DeAndre\Documents\Spring 2026\nndl\final_project\PPA-Estimation-Project\modeling\data\tns_cross_validation_best_epoch_per_design_summary.csv
s420,3.0,total_negative_slack_ns,288.0,-0.7142388820648193,1.5947856903076172,2.1898534297943115,-4.480721950531006,0.0,-1.081291913986206,-0.5134614109992981,0.5678303241729736,linear_regression,C:\Users\DeAndre\Documents\Spring 2026\nndl\final_project\PPA-Estimation-Project\modeling\results\linear_regression\run_084\design_metrics.csv
s420,3.0,total_negative_slack_ns,288.0,-1.434788465499878,1.89621376991272,2.609816551208496,-4.480721950531006,0.0,-1.081291913986206,-2.8709871768951416,-1.7896952629089355,mlp,C:\Users\DeAndre\Documents\Spring 2026\nndl\final_project\PPA-Estimation-Project\modeling\results\mlp_seed_sweep_new_ast\run_005\design_metrics.csv
s444,,total_negative_slack_ns,,-1.9502776598503164,,,,,,,,graph_model,C:\Users\DeAndre\Documents\Spring 2026\nndl\final_project\PPA-Estimation-Project\modeling\data\tns_cross_validation_best_epoch_per_design_summary.csv
s444,2.0,total_negative_slack_ns,288.0,-5.466404914855957,3.511647701263428,4.23119592666626,-4.594910144805908,0.0,-0.8916535973548889,2.619994163513184,3.511647701263428,linear_regression,C:\Users\DeAndre\Documents\Spring 2026\nndl\final_project\PPA-Estimation-Project\modeling\results\linear_regression\run_084\design_metrics.csv
s444,2.0,total_negative_slack_ns,288.0,-1.739809513092041,2.106985092163086,2.75417709350586,-4.594910144805908,0.0,-0.8916535973548889,-2.6041371822357178,-1.7124834060668943,mlp,C:\Users\DeAndre\Documents\Spring 2026\nndl\final_project\PPA-Estimation-Project\modeling\results\mlp_seed_sweep_new_ast\run_005\design_metrics.csv
s510,,total_negative_slack_ns,,-13.75932704626553,,,,,,,,graph_model,C:\Users\DeAndre\Documents\Spring 2026\nndl\final_project\PPA-Estimation-Project\modeling\data\tns_cross_validation_best_epoch_per_design_summary.csv
s510,1.0,total_negative_slack_ns,288.0,-5.271013259887695,2.959977388381958,3.192625045776367,-3.521289110183716,0.0,-0.8304376602172852,-3.2179617881774902,-2.387524366378784,linear_regression,C:\Users\DeAndre\Documents\Spring 2026\nndl\final_project\PPA-Estimation-Project\modeling\results\linear_regression\run_084\design_metrics.csv
s510,1.0,total_negative_slack_ns,288.0,-8.46145248413086,2.543388843536377,3.921551465988159,-3.521289110183716,0.0,-0.8304376602172852,-2.620938301086426,-1.7905008792877195,mlp,C:\Users\DeAndre\Documents\Spring 2026\nndl\final_project\PPA-Estimation-Project\modeling\results\mlp_seed_sweep_new_ast\run_005\design_metrics.csv
s526,,total_negative_slack_ns,,-146.5081977905152,,,,,,,,graph_model,C:\Users\DeAndre\Documents\Spring 2026\nndl\final_project\PPA-Estimation-Project\modeling\data\tns_cross_validation_best_epoch_per_design_summary.csv
s526,5.0,total_negative_slack_ns,288.0,-0.6315728425979614,1.6927849054336548,2.1257669925689697,-4.650142192840576,0.0,-0.8880174160003662,-0.8965663909912109,-0.0085491072386503,linear_regression,C:\Users\DeAndre\Documents\Spring 2026\nndl\final_project\PPA-Estimation-Project\modeling\results\linear_regression\run_084\design_metrics.csv
s526,5.0,total_negative_slack_ns,288.0,-0.0949257612228393,1.507254719734192,1.7414250373840332,-4.650142192840576,0.0,-0.8880174160003662,-1.965169668197632,-1.0771522521972656,mlp,C:\Users\DeAndre\Documents\Spring 2026\nndl\final_project\PPA-Estimation-Project\modeling\results\mlp_seed_sweep_new_ast\run_005\design_metrics.csv
s5378,,total_negative_slack_ns,,0.051297573426849,,,,,,,,graph_model,C:\Users\DeAndre\Documents\Spring 2026\nndl\final_project\PPA-Estimation-Project\modeling\data\tns_cross_validation_best_epoch_per_design_summary.csv
s5378,3.0,total_negative_slack_ns,288.0,0.0758841633796691,9.894845008850098,15.446189880371094,-42.78767776489258,0.0,-11.415985107421877,-4.647200584411621,6.768784523010254,linear_regression,C:\Users\DeAndre\Documents\Spring 2026\nndl\final_project\PPA-Estimation-Project\modeling\results\linear_regression\run_084\design_metrics.csv
s5378,3.0,total_negative_slack_ns,288.0,0.9515029191970824,2.1023924350738525,3.538472890853882,-42.78767776489258,0.0,-11.415985107421877,-10.093287467956545,1.322697997093201,mlp,C:\Users\DeAndre\Documents\Spring 2026\nndl\final_project\PPA-Estimation-Project\modeling\results\mlp_seed_sweep_new_ast\run_005\design_metrics.csv
s5378a,,total_negative_slack_ns,,-0.0852309966285054,,,,,,,,graph_model,C:\Users\DeAndre\Documents\Spring 2026\nndl\final_project\PPA-Estimation-Project\modeling\data\tns_cross_validation_best_epoch_per_design_summary.csv
s5378a,2.0,total_negative_slack_ns,288.0,0.1394906640052795,10.063023567199709,14.801928520202637,-43.22509002685547,0.0,-11.281671524047852,-5.840187072753906,5.441483497619629,linear_regression,C:\Users\DeAndre\Documents\Spring 2026\nndl\final_project\PPA-Estimation-Project\modeling\results\linear_regression\run_084\design_metrics.csv
s5378a,2.0,total_negative_slack_ns,288.0,0.8811602592468262,4.615899085998535,5.500742435455322,-43.22509002685547,0.0,-11.281671524047852,-11.530593872070312,-0.2489223480224609,mlp,C:\Users\DeAndre\Documents\Spring 2026\nndl\final_project\PPA-Estimation-Project\modeling\results\mlp_seed_sweep_new_ast\run_005\design_metrics.csv
s641,,total_negative_slack_ns,,-3.55210834663043,,,,,,,,graph_model,C:\Users\DeAndre\Documents\Spring 2026\nndl\final_project\PPA-Estimation-Project\modeling\data\tns_cross_validation_best_epoch_per_design_summary.csv
s641,1.0,total_negative_slack_ns,288.0,-0.3388898372650146,4.28684663772583,5.114160537719727,-11.92619514465332,0.0,-3.298856496810913,0.9879899621009828,4.28684663772583,linear_regression,C:\Users\DeAndre\Documents\Spring 2026\nndl\final_project\PPA-Estimation-Project\modeling\results\linear_regression\run_084\design_metrics.csv
s641,1.0,total_negative_slack_ns,288.0,0.8635877370834351,1.25410795211792,1.6324076652526855,-11.92619514465332,0.0,-3.298856496810913,-4.121138572692871,-0.8222821354866028,mlp,C:\Users\DeAndre\Documents\Spring 2026\nndl\final_project\PPA-Estimation-Project\modeling\results\mlp_seed_sweep_new_ast\run_005\design_metrics.csv
s713,,total_negative_slack_ns,,0.2400128172390331,,,,,,,,graph_model,C:\Users\DeAndre\Documents\Spring 2026\nndl\final_project\PPA-Estimation-Project\modeling\data\tns_cross_validation_best_epoch_per_design_summary.csv
s713,5.0,total_negative_slack_ns,288.0,-0.0873379707336425,3.399256706237793,4.353251457214356,-11.170372009277344,0.0,-2.920249938964844,0.4707446694374084,3.3909947872161865,linear_regression,C:\Users\DeAndre\Documents\Spring 2026\nndl\final_project\PPA-Estimation-Project\modeling\results\linear_regression\run_084\design_metrics.csv
s713,5.0,total_negative_slack_ns,288.0,0.6354206800460815,1.9662837982177732,2.5207369327545166,-11.170372009277344,0.0,-2.920249938964844,-4.411585330963135,-1.491335153579712,mlp,C:\Users\DeAndre\Documents\Spring 2026\nndl\final_project\PPA-Estimation-Project\modeling\results\mlp_seed_sweep_new_ast\run_005\design_metrics.csv
s820,,total_negative_slack_ns,,0.6816880125944731,,,,,,,,graph_model,C:\Users\DeAndre\Documents\Spring 2026\nndl\final_project\PPA-Estimation-Project\modeling\data\tns_cross_validation_best_epoch_per_design_summary.csv
s820,4.0,total_negative_slack_ns,288.0,-0.4232650995254516,1.8476186990737915,2.977932929992676,-6.843706130981445,0.0,-1.6709110736846924,-0.2486088573932647,1.4223021268844604,linear_regression,C:\Users\DeAndre\Documents\Spring 2026\nndl\final_project\PPA-Estimation-Project\modeling\results\linear_regression\run_084\design_metrics.csv
s820,4.0,total_negative_slack_ns,288.0,0.7646333575248718,1.0111440420150757,1.211000919342041,-6.843706130981445,0.0,-1.6709110736846924,-2.6695587635040283,-0.9986478090286256,mlp,C:\Users\DeAndre\Documents\Spring 2026\nndl\final_project\PPA-Estimation-Project\modeling\results\mlp_seed_sweep_new_ast\run_005\design_metrics.csv
s832,,total_negative_slack_ns,,-0.0846836914665563,,,,,,,,graph_model,C:\Users\DeAndre\Documents\Spring 2026\nndl\final_project\PPA-Estimation-Project\modeling\data\tns_cross_validation_best_epoch_per_design_summary.csv
s832,2.0,total_negative_slack_ns,288.0,-3.432990550994873,4.961692333221436,5.356630325317383,-6.867057800292969,0.0,-1.7138322591781616,3.2478604316711426,4.961692333221436,linear_regression,C:\Users\DeAndre\Documents\Spring 2026\nndl\final_project\PPA-Estimation-Project\modeling\results\linear_regression\run_084\design_metrics.csv
s832,2.0,total_negative_slack_ns,288.0,0.7033351063728333,1.1133497953414917,1.3857227563858032,-6.867057800292969,0.0,-1.7138322591781616,-2.716120719909668,-1.0022883415222168,mlp,C:\Users\DeAndre\Documents\Spring 2026\nndl\final_project\PPA-Estimation-Project\modeling\results\mlp_seed_sweep_new_ast\run_005\design_metrics.csv
s838,,total_negative_slack_ns,,0.177435594427617,,,,,,,,graph_model,C:\Users\DeAndre\Documents\Spring 2026\nndl\final_project\PPA-Estimation-Project\modeling\data\tns_cross_validation_best_epoch_per_design_summary.csv
s838,5.0,total_negative_slack_ns,288.0,-0.4219182729721069,3.8458545207977295,4.572773456573486,-9.767878532409668,0.0,-2.6199939250946045,-6.440281391143799,-3.820286989212036,linear_regression,C:\Users\DeAndre\Documents\Spring 2026\nndl\final_project\PPA-Estimation-Project\modeling\results\linear_regression\run_084\design_metrics.csv
s838,5.0,total_negative_slack_ns,288.0,-0.16000497341156,3.569183349609375,4.130211353302002,-9.767878532409668,0.0,-2.6199939250946045,-2.706864356994629,-0.0868706181645393,mlp,C:\Users\DeAndre\Documents\Spring 2026\nndl\final_project\PPA-Estimation-Project\modeling\results\mlp_seed_sweep_new_ast\run_005\design_metrics.csv
s9234,,total_negative_slack_ns,,0.8171388237267667,,,,,,,,graph_model,C:\Users\DeAndre\Documents\Spring 2026\nndl\final_project\PPA-Estimation-Project\modeling\data\tns_cross_validation_best_epoch_per_design_summary.csv
s9234,4.0,total_negative_slack_ns,288.0,-0.5402276515960693,12.628215789794922,21.17641258239746,-44.81858444213867,0.0,-12.493487358093262,-0.1173433437943458,12.376143455505373,linear_regression,C:\Users\DeAndre\Documents\Spring 2026\nndl\final_project\PPA-Estimation-Project\modeling\results\linear_regression\run_084\design_metrics.csv
s9234,4.0,total_negative_slack_ns,288.0,0.949166774749756,3.362540006637573,3.847102403640747,-44.81858444213867,0.0,-12.493487358093262,-15.584649085998535,-3.09116268157959,mlp,C:\Users\DeAndre\Documents\Spring 2026\nndl\final_project\PPA-Estimation-Project\modeling\results\mlp_seed_sweep_new_ast\run_005\design_metrics.csv
s953,,total_negative_slack_ns,,0.2578065013328986,,,,,,,,graph_model,C:\Users\DeAndre\Documents\Spring 2026\nndl\final_project\PPA-Estimation-Project\modeling\data\tns_cross_validation_best_epoch_per_design_summary.csv
s953,2.0,total_negative_slack_ns,288.0,-0.5958070755004883,3.823286294937134,4.691000461578369,-10.15001106262207,0.0,-2.2330358028411865,1.589200496673584,3.822236061096192,linear_regression,C:\Users\DeAndre\Documents\Spring 2026\nndl\final_project\PPA-Estimation-Project\modeling\results\linear_regression\run_084\design_metrics.csv
s953,2.0,total_negative_slack_ns,288.0,0.7035871148109436,1.5636110305786133,2.021733045578003,-10.15001106262207,0.0,-2.2330358028411865,-3.563629150390625,-1.330593466758728,mlp,C:\Users\DeAndre\Documents\Spring 2026\nndl\final_project\PPA-Estimation-Project\modeling\results\mlp_seed_sweep_new_ast\run_005\design_metrics.csv
sasc,,total_negative_slack_ns,,0.0133694296675362,,,,,,,,graph_model,C:\Users\DeAndre\Documents\Spring 2026\nndl\final_project\PPA-Estimation-Project\modeling\data\tns_cross_validation_best_epoch_per_design_summary.csv
sasc,5.0,total_negative_slack_ns,288.0,-0.7498847246170044,10.94577407836914,14.112518310546877,-29.25296974182129,0.0,-6.715629577636719,4.23014497756958,10.94577407836914,linear_regression,C:\Users\DeAndre\Documents\Spring 2026\nndl\final_project\PPA-Estimation-Project\modeling\results\linear_regression\run_084\design_metrics.csv
sasc,5.0,total_negative_slack_ns,288.0,0.91909921169281,2.485735893249512,3.034423589706421,-29.25296974182129,0.0,-6.715629577636719,-8.985392570495605,-2.2697629928588867,mlp,C:\Users\DeAndre\Documents\Spring 2026\nndl\final_project\PPA-Estimation-Project\modeling\results\mlp_seed_sweep_new_ast\run_005\design_metrics.csv
simple_spi,,total_negative_slack_ns,,-0.0067495850669689,,,,,,,,graph_model,C:\Users\DeAndre\Documents\Spring 2026\nndl\final_project\PPA-Estimation-Project\modeling\data\tns_cross_validation_best_epoch_per_design_summary.csv
simple_spi,4.0,total_negative_slack_ns,288.0,-0.5014054775238037,8.404796600341797,14.81287670135498,-33.24667739868164,0.0,-7.457696914672852,0.9471009373664856,8.404796600341797,linear_regression,C:\Users\DeAndre\Documents\Spring 2026\nndl\final_project\PPA-Estimation-Project\modeling\results\linear_regression\run_084\design_metrics.csv
simple_spi,4.0,total_negative_slack_ns,288.0,0.9051066040992736,3.1250369548797607,3.7239890098571777,-33.24667739868164,0.0,-7.457696914672852,-7.003508567810059,0.4541880190372467,mlp,C:\Users\DeAndre\Documents\Spring 2026\nndl\final_project\PPA-Estimation-Project\modeling\results\mlp_seed_sweep_new_ast\run_005\design_metrics.csv
ss_pcm,,total_negative_slack_ns,,0.6100756230961997,,,,,,,,graph_model,C:\Users\DeAndre\Documents\Spring 2026\nndl\final_project\PPA-Estimation-Project\modeling\data\tns_cross_validation_best_epoch_per_design_summary.csv
ss_pcm,3.0,total_negative_slack_ns,288.0,-0.9512042999267578,6.843952178955078,8.168509483337402,-16.613008499145508,0.0,-3.321835517883301,3.5221164226531982,6.843952178955078,linear_regression,C:\Users\DeAndre\Documents\Spring 2026\nndl\final_project\PPA-Estimation-Project\modeling\results\linear_regression\run_084\design_metrics.csv
ss_pcm,3.0,total_negative_slack_ns,288.0,0.3890267014503479,3.5157198905944824,4.570909023284912,-16.613008499145508,0.0,-3.321835517883301,-6.596559524536133,-3.274724245071411,mlp,C:\Users\DeAndre\Documents\Spring 2026\nndl\final_project\PPA-Estimation-Project\modeling\results\mlp_seed_sweep_new_ast\run_005\design_metrics.csv
systemcdes,,total_negative_slack_ns,,-0.666561915526444,,,,,,,,graph_model,C:\Users\DeAndre\Documents\Spring 2026\nndl\final_project\PPA-Estimation-Project\modeling\data\tns_cross_validation_best_epoch_per_design_summary.csv
systemcdes,2.0,total_negative_slack_ns,288.0,-0.5795588493347168,25.91338348388672,38.07622528076172,-83.60449981689453,0.0,-23.923463821411133,1.989920139312744,25.91338348388672,linear_regression,C:\Users\DeAndre\Documents\Spring 2026\nndl\final_project\PPA-Estimation-Project\modeling\results\linear_regression\run_084\design_metrics.csv
systemcdes,2.0,total_negative_slack_ns,288.0,0.7282489538192749,13.418855667114258,15.793253898620604,-83.60449981689453,0.0,-23.923463821411133,-21.26521873474121,2.65824556350708,mlp,C:\Users\DeAndre\Documents\Spring 2026\nndl\final_project\PPA-Estimation-Project\modeling\results\mlp_seed_sweep_new_ast\run_005\design_metrics.csv
usb_phy,,total_negative_slack_ns,,0.2517212965987692,,,,,,,,graph_model,C:\Users\DeAndre\Documents\Spring 2026\nndl\final_project\PPA-Estimation-Project\modeling\data\tns_cross_validation_best_epoch_per_design_summary.csv
usb_phy,1.0,total_negative_slack_ns,288.0,0.1902994513511657,3.960665702819824,6.60596227645874,-20.32241439819336,0.0,-4.089680671691895,-1.0920906066894531,2.9975900650024414,linear_regression,C:\Users\DeAndre\Documents\Spring 2026\nndl\final_project\PPA-Estimation-Project\modeling\results\linear_regression\run_084\design_metrics.csv
usb_phy,1.0,total_negative_slack_ns,288.0,-14.559735298156738,23.037811279296875,28.95842933654785,-20.32241439819336,0.0,-4.089680671691895,-27.127490997314453,-23.037811279296875,mlp,C:\Users\DeAndre\Documents\Spring 2026\nndl\final_project\PPA-Estimation-Project\modeling\results\mlp_seed_sweep_new_ast\run_005\design_metrics.csv
i2c,,worst_slack_ns,,0.9327533944607668,,,,,,,,graph_model,C:\Users\DeAndre\Documents\Spring 2026\nndl\final_project\PPA-Estimation-Project\modeling\data\wns_cross_validation_best_epoch_per_design_summary.csv
i2c,2.0,worst_slack_ns,288.0,-3.3672537803649902,0.8632632493972778,0.8683950901031494,-0.4211409986019134,0.9052670001983644,0.1473811268806457,1.0106444358825684,0.8632632493972778,linear_regression,C:\Users\DeAndre\Documents\Spring 2026\nndl\final_project\PPA-Estimation-Project\modeling\results\linear_regression\run_084\design_metrics.csv
i2c,2.0,worst_slack_ns,288.0,0.1397491693496704,0.37332883477211,0.3854123950004577,-0.4211409986019134,0.9052670001983644,0.1473811268806457,0.5207099914550781,0.37332883477211,mlp,C:\Users\DeAndre\Documents\Spring 2026\nndl\final_project\PPA-Estimation-Project\modeling\results\mlp_seed_sweep_new_ast\run_005\design_metrics.csv
s1196,,worst_slack_ns,,0.8259406329664885,,,,,,,,graph_model,C:\Users\DeAndre\Documents\Spring 2026\nndl\final_project\PPA-Estimation-Project\modeling\data\wns_cross_validation_best_epoch_per_design_summary.csv
s1196,1.0,worst_slack_ns,288.0,0.7417751550674438,0.102338045835495,0.1318815052509308,-0.4025309979915619,0.4447309970855713,-0.0613826960325241,0.04072992131114,0.102112628519535,linear_regression,C:\Users\DeAndre\Documents\Spring 2026\nndl\final_project\PPA-Estimation-Project\modeling\results\linear_regression\run_084\design_metrics.csv
s1196,1.0,worst_slack_ns,288.0,0.7593963742256165,0.1033244580030441,0.1273022145032882,-0.4025309979915619,0.4447309970855713,-0.0613826960325241,0.0415747426450252,0.102957472205162,mlp,C:\Users\DeAndre\Documents\Spring 2026\nndl\final_project\PPA-Estimation-Project\modeling\results\mlp_seed_sweep_new_ast\run_005\design_metrics.csv
s1238,,worst_slack_ns,,0.5412272008317836,,,,,,,,graph_model,C:\Users\DeAndre\Documents\Spring 2026\nndl\final_project\PPA-Estimation-Project\modeling\data\wns_cross_validation_best_epoch_per_design_summary.csv
s1238,3.0,worst_slack_ns,288.0,0.4020535349845886,0.1858564168214798,0.2029182612895965,-0.4885869920253753,0.3754050135612488,-0.1210445687174797,0.0648118555545806,0.1858564168214798,linear_regression,C:\Users\DeAndre\Documents\Spring 2026\nndl\final_project\PPA-Estimation-Project\modeling\results\linear_regression\run_084\design_metrics.csv
s1238,3.0,worst_slack_ns,288.0,0.6044207215309143,0.1611217111349105,0.1650466620922088,-0.4885869920253753,0.3754050135612488,-0.1210445687174797,0.0400771237909793,0.1611217111349105,mlp,C:\Users\DeAndre\Documents\Spring 2026\nndl\final_project\PPA-Estimation-Project\modeling\results\mlp_seed_sweep_new_ast\run_005\design_metrics.csv
s13207,,worst_slack_ns,,-0.9256046009586144,,,,,,,,graph_model,C:\Users\DeAndre\Documents\Spring 2026\nndl\final_project\PPA-Estimation-Project\modeling\data\wns_cross_validation_best_epoch_per_design_summary.csv
s13207,1.0,worst_slack_ns,288.0,0.9226518273353576,0.0909859612584114,0.0960554331541061,-0.9119889736175536,0.1609379947185516,-0.4433831572532654,-0.3523972332477569,0.0909859612584114,linear_regression,C:\Users\DeAndre\Documents\Spring 2026\nndl\final_project\PPA-Estimation-Project\modeling\results\linear_regression\run_084\design_metrics.csv
s13207,1.0,worst_slack_ns,288.0,0.8756685256958008,0.1002934873104095,0.1217832341790199,-0.9119889736175536,0.1609379947185516,-0.4433831572532654,-0.3434051275253296,0.0999780297279357,mlp,C:\Users\DeAndre\Documents\Spring 2026\nndl\final_project\PPA-Estimation-Project\modeling\results\mlp_seed_sweep_new_ast\run_005\design_metrics.csv
s1423,,worst_slack_ns,,-1.0817751477841386,,,,,,,,graph_model,C:\Users\DeAndre\Documents\Spring 2026\nndl\final_project\PPA-Estimation-Project\modeling\data\wns_cross_validation_best_epoch_per_design_summary.csv
s1423,4.0,worst_slack_ns,288.0,-1.954509973526001,0.5517345070838928,0.5532872080802917,-0.904833972454071,0.0534799993038177,-0.4536753296852112,0.0980591624975204,0.5517345070838928,linear_regression,C:\Users\DeAndre\Documents\Spring 2026\nndl\final_project\PPA-Estimation-Project\modeling\results\linear_regression\run_084\design_metrics.csv
s1423,4.0,worst_slack_ns,288.0,-2.04495906829834,0.5598766207695007,0.561692476272583,-0.904833972454071,0.0534799993038177,-0.4536753296852112,0.1062012985348701,0.5598766207695007,mlp,C:\Users\DeAndre\Documents\Spring 2026\nndl\final_project\PPA-Estimation-Project\modeling\results\mlp_seed_sweep_new_ast\run_005\design_metrics.csv
s1488,,worst_slack_ns,,0.9782019814615436,,,,,,,,graph_model,C:\Users\DeAndre\Documents\Spring 2026\nndl\final_project\PPA-Estimation-Project\modeling\data\wns_cross_validation_best_epoch_per_design_summary.csv
s1488,2.0,worst_slack_ns,288.0,0.8965843319892883,0.0968394577503204,0.1021793335676193,-0.4350210130214691,0.5903030037879944,0.0276974700391292,0.1245369091629982,0.0968394577503204,linear_regression,C:\Users\DeAndre\Documents\Spring 2026\nndl\final_project\PPA-Estimation-Project\modeling\results\linear_regression\run_084\design_metrics.csv
s1488,2.0,worst_slack_ns,288.0,0.8028627634048462,0.1306670308113098,0.1410763561725616,-0.4350210130214691,0.5903030037879944,0.0276974700391292,0.1583644747734069,0.1306670308113098,mlp,C:\Users\DeAndre\Documents\Spring 2026\nndl\final_project\PPA-Estimation-Project\modeling\results\mlp_seed_sweep_new_ast\run_005\design_metrics.csv
s15850,,worst_slack_ns,,-1.742988804321901,,,,,,,,graph_model,C:\Users\DeAndre\Documents\Spring 2026\nndl\final_project\PPA-Estimation-Project\modeling\data\wns_cross_validation_best_epoch_per_design_summary.csv
s15850,1.0,worst_slack_ns,288.0,0.922520875930786,0.0610189847648143,0.075959987938404,-0.8966479897499084,0.0019749999046325,-0.483790248632431,-0.4860886037349701,-0.0022984212264418,linear_regression,C:\Users\DeAndre\Documents\Spring 2026\nndl\final_project\PPA-Estimation-Project\modeling\results\linear_regression\run_084\design_metrics.csv
s15850,1.0,worst_slack_ns,288.0,0.9113944172859192,0.0688695833086967,0.0812312513589859,-0.8966479897499084,0.0019749999046325,-0.483790248632431,-0.4543485641479492,0.0294416807591915,mlp,C:\Users\DeAndre\Documents\Spring 2026\nndl\final_project\PPA-Estimation-Project\modeling\results\mlp_seed_sweep_new_ast\run_005\design_metrics.csv
s27,,worst_slack_ns,,0.5029869733518266,,,,,,,,graph_model,C:\Users\DeAndre\Documents\Spring 2026\nndl\final_project\PPA-Estimation-Project\modeling\data\wns_cross_validation_best_epoch_per_design_summary.csv
s27,4.0,worst_slack_ns,288.0,0.7929160594940186,0.1329393684864044,0.1374807953834533,-0.1441649943590164,0.760453999042511,0.2537159919738769,0.1207766160368919,-0.1329393684864044,linear_regression,C:\Users\DeAndre\Documents\Spring 2026\nndl\final_project\PPA-Estimation-Project\modeling\results\linear_regression\run_084\design_metrics.csv
s27,4.0,worst_slack_ns,288.0,0.6095184087753296,0.1874685883522033,0.1887857317924499,-0.1441649943590164,0.760453999042511,0.2537159919738769,0.0662474185228347,-0.1874685883522033,mlp,C:\Users\DeAndre\Documents\Spring 2026\nndl\final_project\PPA-Estimation-Project\modeling\results\mlp_seed_sweep_new_ast\run_005\design_metrics.csv
s298,,worst_slack_ns,,0.9506864204607476,,,,,,,,graph_model,C:\Users\DeAndre\Documents\Spring 2026\nndl\final_project\PPA-Estimation-Project\modeling\data\wns_cross_validation_best_epoch_per_design_summary.csv
s298,3.0,worst_slack_ns,288.0,0.9571273922920228,0.0661030039191246,0.0814816802740097,-0.2031510025262832,0.971396028995514,0.3001700341701507,0.2432919889688491,-0.0568780750036239,linear_regression,C:\Users\DeAndre\Documents\Spring 2026\nndl\final_project\PPA-Estimation-Project\modeling\results\linear_regression\run_084\design_metrics.csv
s298,3.0,worst_slack_ns,288.0,0.9926676750183104,0.028855787590146,0.0336969420313835,-0.2031510025262832,0.971396028995514,0.3001700341701507,0.2721187174320221,-0.0280513074249029,mlp,C:\Users\DeAndre\Documents\Spring 2026\nndl\final_project\PPA-Estimation-Project\modeling\results\mlp_seed_sweep_new_ast\run_005\design_metrics.csv
s344,,worst_slack_ns,,0.8157822102454372,,,,,,,,graph_model,C:\Users\DeAndre\Documents\Spring 2026\nndl\final_project\PPA-Estimation-Project\modeling\data\wns_cross_validation_best_epoch_per_design_summary.csv
s344,2.0,worst_slack_ns,288.0,0.876326858997345,0.1212100982666015,0.1322099864482879,-0.2326100021600723,0.8955979943275452,0.2336651682853698,0.1124550774693489,-0.1212100982666015,linear_regression,C:\Users\DeAndre\Documents\Spring 2026\nndl\final_project\PPA-Estimation-Project\modeling\results\linear_regression\run_084\design_metrics.csv
s344,2.0,worst_slack_ns,288.0,0.896348774433136,0.1168049871921539,0.1210357621312141,-0.2326100021600723,0.8955979943275452,0.2336651682853698,0.1168601810932159,-0.1168049871921539,mlp,C:\Users\DeAndre\Documents\Spring 2026\nndl\final_project\PPA-Estimation-Project\modeling\results\mlp_seed_sweep_new_ast\run_005\design_metrics.csv
s349,,worst_slack_ns,,0.9740400678614108,,,,,,,,graph_model,C:\Users\DeAndre\Documents\Spring 2026\nndl\final_project\PPA-Estimation-Project\modeling\data\wns_cross_validation_best_epoch_per_design_summary.csv
s349,1.0,worst_slack_ns,288.0,0.9432294964790344,0.0784692987799644,0.0911052674055099,-0.2885940074920654,0.8587520122528076,0.1990944743156433,0.1206813156604766,-0.0784131437540054,linear_regression,C:\Users\DeAndre\Documents\Spring 2026\nndl\final_project\PPA-Estimation-Project\modeling\results\linear_regression\run_084\design_metrics.csv
s349,1.0,worst_slack_ns,288.0,0.9425696730613708,0.0790335014462471,0.0916331708431243,-0.2885940074920654,0.8587520122528076,0.1990944743156433,0.1200609505176544,-0.0790335014462471,mlp,C:\Users\DeAndre\Documents\Spring 2026\nndl\final_project\PPA-Estimation-Project\modeling\results\mlp_seed_sweep_new_ast\run_005\design_metrics.csv
s35932,,worst_slack_ns,,0.8060942596782723,,,,,,,,graph_model,C:\Users\DeAndre\Documents\Spring 2026\nndl\final_project\PPA-Estimation-Project\modeling\data\wns_cross_validation_best_epoch_per_design_summary.csv
s35932,5.0,worst_slack_ns,288.0,0.5007143616676331,0.1582687348127365,0.1798616647720337,-0.5854319930076599,0.3560270071029663,-0.1509544253349304,-0.2941527664661407,-0.1431983262300491,linear_regression,C:\Users\DeAndre\Documents\Spring 2026\nndl\final_project\PPA-Estimation-Project\modeling\results\linear_regression\run_084\design_metrics.csv
s35932,5.0,worst_slack_ns,288.0,0.855381965637207,0.0727431923151016,0.0967999994754791,-0.5854319930076599,0.3560270071029663,-0.1509544253349304,-0.0992007553577423,0.0517536550760269,mlp,C:\Users\DeAndre\Documents\Spring 2026\nndl\final_project\PPA-Estimation-Project\modeling\results\mlp_seed_sweep_new_ast\run_005\design_metrics.csv
s382,,worst_slack_ns,,0.9528497667032648,,,,,,,,graph_model,C:\Users\DeAndre\Documents\Spring 2026\nndl\final_project\PPA-Estimation-Project\modeling\data\wns_cross_validation_best_epoch_per_design_summary.csv
s382,4.0,worst_slack_ns,288.0,0.9423779845237732,0.0800191015005111,0.0967598780989646,-0.2393790036439895,0.9699730277061462,0.2833471596240997,0.2201284617185592,-0.0632187351584434,linear_regression,C:\Users\DeAndre\Documents\Spring 2026\nndl\final_project\PPA-Estimation-Project\modeling\results\linear_regression\run_084\design_metrics.csv
s382,4.0,worst_slack_ns,288.0,0.9421928524971008,0.0737738907337188,0.0969151854515075,-0.2393790036439895,0.9699730277061462,0.2833471596240997,0.216421827673912,-0.0669253468513488,mlp,C:\Users\DeAndre\Documents\Spring 2026\nndl\final_project\PPA-Estimation-Project\modeling\results\mlp_seed_sweep_new_ast\run_005\design_metrics.csv
s38417,,worst_slack_ns,,0.6410529052689873,,,,,,,,graph_model,C:\Users\DeAndre\Documents\Spring 2026\nndl\final_project\PPA-Estimation-Project\modeling\data\wns_cross_validation_best_epoch_per_design_summary.csv
s38417,3.0,worst_slack_ns,288.0,0.8920144438743591,0.1143712103366851,0.1353580504655838,-0.7261450290679932,0.5731649994850159,-0.1325196474790573,-0.2398578077554702,-0.1073381602764129,linear_regression,C:\Users\DeAndre\Documents\Spring 2026\nndl\final_project\PPA-Estimation-Project\modeling\results\linear_regression\run_084\design_metrics.csv
s38417,3.0,worst_slack_ns,288.0,0.5247516632080078,0.2461810111999511,0.2839628756046295,-0.7261450290679932,0.5731649994850159,-0.1325196474790573,-0.3787006139755249,-0.2461810111999511,mlp,C:\Users\DeAndre\Documents\Spring 2026\nndl\final_project\PPA-Estimation-Project\modeling\results\mlp_seed_sweep_new_ast\run_005\design_metrics.csv
s38584,,worst_slack_ns,,0.9415187453727027,,,,,,,,graph_model,C:\Users\DeAndre\Documents\Spring 2026\nndl\final_project\PPA-Estimation-Project\modeling\data\wns_cross_validation_best_epoch_per_design_summary.csv
s38584,2.0,worst_slack_ns,288.0,0.9327375888824464,0.0567552372813224,0.0795808658003807,-0.8176090121269226,0.2106280028820037,-0.3516120910644531,-0.3032167255878448,0.048395350575447,linear_regression,C:\Users\DeAndre\Documents\Spring 2026\nndl\final_project\PPA-Estimation-Project\modeling\results\linear_regression\run_084\design_metrics.csv
s38584,2.0,worst_slack_ns,288.0,0.9555945992469788,0.0502473898231983,0.0646607056260109,-0.8176090121269226,0.2106280028820037,-0.3516120910644531,-0.3129772543907165,0.0386348366737365,mlp,C:\Users\DeAndre\Documents\Spring 2026\nndl\final_project\PPA-Estimation-Project\modeling\results\mlp_seed_sweep_new_ast\run_005\design_metrics.csv
s386,,worst_slack_ns,,0.8459942376651356,,,,,,,,graph_model,C:\Users\DeAndre\Documents\Spring 2026\nndl\final_project\PPA-Estimation-Project\modeling\data\wns_cross_validation_best_epoch_per_design_summary.csv
s386,5.0,worst_slack_ns,288.0,0.9854977130889891,0.0278394892811775,0.0381778553128242,-0.3059589862823486,0.6524680256843567,0.1153756901621818,0.1198276132345199,0.0044519370421767,linear_regression,C:\Users\DeAndre\Documents\Spring 2026\nndl\final_project\PPA-Estimation-Project\modeling\results\linear_regression\run_084\design_metrics.csv
s386,5.0,worst_slack_ns,288.0,0.9931952953338624,0.0211744233965873,0.0261515919119119,-0.3059589862823486,0.6524680256843567,0.1153756901621818,0.1350838989019394,0.0197082068771123,mlp,C:\Users\DeAndre\Documents\Spring 2026\nndl\final_project\PPA-Estimation-Project\modeling\results\mlp_seed_sweep_new_ast\run_005\design_metrics.csv
s400,,worst_slack_ns,,0.9753142090057596,,,,,,,,graph_model,C:\Users\DeAndre\Documents\Spring 2026\nndl\final_project\PPA-Estimation-Project\modeling\data\wns_cross_validation_best_epoch_per_design_summary.csv
s400,4.0,worst_slack_ns,288.0,0.9015012979507446,0.1073920428752899,0.1306869387626648,-0.2390660047531128,1.0091910362243652,0.3004477322101593,0.2037885338068008,-0.096659205853939,linear_regression,C:\Users\DeAndre\Documents\Spring 2026\nndl\final_project\PPA-Estimation-Project\modeling\results\linear_regression\run_084\design_metrics.csv
s400,4.0,worst_slack_ns,288.0,0.907669186592102,0.0998225286602974,0.1265290528535843,-0.2390660047531128,1.0091910362243652,0.3004477322101593,0.2029388844966888,-0.0975088626146316,mlp,C:\Users\DeAndre\Documents\Spring 2026\nndl\final_project\PPA-Estimation-Project\modeling\results\mlp_seed_sweep_new_ast\run_005\design_metrics.csv
s420,,worst_slack_ns,,0.8763783999486877,,,,,,,,graph_model,C:\Users\DeAndre\Documents\Spring 2026\nndl\final_project\PPA-Estimation-Project\modeling\data\wns_cross_validation_best_epoch_per_design_summary.csv
s420,3.0,worst_slack_ns,288.0,0.9671957492828368,0.0387171730399131,0.0547884181141853,-0.3049930036067962,0.613726019859314,0.0983345508575439,0.1358533650636673,0.0375188142061233,linear_regression,C:\Users\DeAndre\Documents\Spring 2026\nndl\final_project\PPA-Estimation-Project\modeling\results\linear_regression\run_084\design_metrics.csv
s420,3.0,worst_slack_ns,288.0,0.9488052129745485,0.060449905693531,0.0684441775083541,-0.3049930036067962,0.613726019859314,0.0983345508575439,0.0825534760951995,-0.0157810561358928,mlp,C:\Users\DeAndre\Documents\Spring 2026\nndl\final_project\PPA-Estimation-Project\modeling\results\mlp_seed_sweep_new_ast\run_005\design_metrics.csv
s444,,worst_slack_ns,,0.899017198548049,,,,,,,,graph_model,C:\Users\DeAndre\Documents\Spring 2026\nndl\final_project\PPA-Estimation-Project\modeling\data\wns_cross_validation_best_epoch_per_design_summary.csv
s444,2.0,worst_slack_ns,288.0,0.8358821868896484,0.1417639851570129,0.1636889725923538,-0.2220840007066726,0.981033980846405,0.301553338766098,0.1597893387079239,-0.1417639851570129,linear_regression,C:\Users\DeAndre\Documents\Spring 2026\nndl\final_project\PPA-Estimation-Project\modeling\results\linear_regression\run_084\design_metrics.csv
s444,2.0,worst_slack_ns,288.0,0.9310485124588012,0.0970999076962471,0.1060994863510131,-0.2220840007066726,0.981033980846405,0.301553338766098,0.2044534087181091,-0.0970999076962471,mlp,C:\Users\DeAndre\Documents\Spring 2026\nndl\final_project\PPA-Estimation-Project\modeling\results\mlp_seed_sweep_new_ast\run_005\design_metrics.csv
s510,,worst_slack_ns,,0.8687706870474277,,,,,,,,graph_model,C:\Users\DeAndre\Documents\Spring 2026\nndl\final_project\PPA-Estimation-Project\modeling\data\wns_cross_validation_best_epoch_per_design_summary.csv
s510,1.0,worst_slack_ns,288.0,0.9679279327392578,0.0592278577387332,0.0637022405862808,-0.2979460060596466,0.7879970073699951,0.149302139878273,0.090074248611927,-0.0592278577387332,linear_regression,C:\Users\DeAndre\Documents\Spring 2026\nndl\final_project\PPA-Estimation-Project\modeling\results\linear_regression\run_084\design_metrics.csv
s510,1.0,worst_slack_ns,288.0,0.9425250887870787,0.0724304094910621,0.0852767303586006,-0.2979460060596466,0.7879970073699951,0.149302139878273,0.0776392742991447,-0.0716628357768058,mlp,C:\Users\DeAndre\Documents\Spring 2026\nndl\final_project\PPA-Estimation-Project\modeling\results\mlp_seed_sweep_new_ast\run_005\design_metrics.csv
s526,,worst_slack_ns,,0.7667372872728132,,,,,,,,graph_model,C:\Users\DeAndre\Documents\Spring 2026\nndl\final_project\PPA-Estimation-Project\modeling\data\wns_cross_validation_best_epoch_per_design_summary.csv
s526,5.0,worst_slack_ns,288.0,0.9442172050476074,0.0787283107638359,0.094866544008255,-0.2141640037298202,0.9915810227394104,0.3027075827121734,0.2271387279033661,-0.0755688846111297,linear_regression,C:\Users\DeAndre\Documents\Spring 2026\nndl\final_project\PPA-Estimation-Project\modeling\results\linear_regression\run_084\design_metrics.csv
s526,5.0,worst_slack_ns,288.0,0.9723640084266664,0.0573214031755924,0.0667729005217552,-0.2141640037298202,0.9915810227394104,0.3027075827121734,0.359619140625,0.0569115094840526,mlp,C:\Users\DeAndre\Documents\Spring 2026\nndl\final_project\PPA-Estimation-Project\modeling\results\mlp_seed_sweep_new_ast\run_005\design_metrics.csv
s5378,,worst_slack_ns,,-0.3947675602491765,,,,,,,,graph_model,C:\Users\DeAndre\Documents\Spring 2026\nndl\final_project\PPA-Estimation-Project\modeling\data\wns_cross_validation_best_epoch_per_design_summary.csv
s5378,3.0,worst_slack_ns,288.0,0.9572318196296692,0.0473815463483333,0.0595170930027961,-0.5055990219116211,0.4257409870624542,-0.0947648212313652,-0.0879647433757782,0.0068000652827322,linear_regression,C:\Users\DeAndre\Documents\Spring 2026\nndl\final_project\PPA-Estimation-Project\modeling\results\linear_regression\run_084\design_metrics.csv
s5378,3.0,worst_slack_ns,288.0,0.9599034190177916,0.0520862750709056,0.057628184556961,-0.5055990219116211,0.4257409870624542,-0.0947648212313652,-0.1191966012120246,-0.0244317818433046,mlp,C:\Users\DeAndre\Documents\Spring 2026\nndl\final_project\PPA-Estimation-Project\modeling\results\mlp_seed_sweep_new_ast\run_005\design_metrics.csv
s5378a,,worst_slack_ns,,0.9639206662852586,,,,,,,,graph_model,C:\Users\DeAndre\Documents\Spring 2026\nndl\final_project\PPA-Estimation-Project\modeling\data\wns_cross_validation_best_epoch_per_design_summary.csv
s5378a,2.0,worst_slack_ns,288.0,0.9899144172668456,0.0269562900066375,0.0319311171770095,-0.5120459794998169,0.4616310000419616,-0.0739858373999595,-0.0951306372880935,-0.0211448241025209,linear_regression,C:\Users\DeAndre\Documents\Spring 2026\nndl\final_project\PPA-Estimation-Project\modeling\results\linear_regression\run_084\design_metrics.csv
s5378a,2.0,worst_slack_ns,288.0,0.9554010629653932,0.0625368654727935,0.0671468153595924,-0.5120459794998169,0.4616310000419616,-0.0739858373999595,-0.1364803463220596,-0.0624945163726806,mlp,C:\Users\DeAndre\Documents\Spring 2026\nndl\final_project\PPA-Estimation-Project\modeling\results\mlp_seed_sweep_new_ast\run_005\design_metrics.csv
s641,,worst_slack_ns,,0.9544294329829088,,,,,,,,graph_model,C:\Users\DeAndre\Documents\Spring 2026\nndl\final_project\PPA-Estimation-Project\modeling\data\wns_cross_validation_best_epoch_per_design_summary.csv
s641,1.0,worst_slack_ns,288.0,0.89078289270401,0.0821894332766532,0.0867451503872871,-0.5128679871559143,0.3588669896125793,-0.1143268719315528,-0.145020842552185,-0.0306939613074064,linear_regression,C:\Users\DeAndre\Documents\Spring 2026\nndl\final_project\PPA-Estimation-Project\modeling\results\linear_regression\run_084\design_metrics.csv
s641,1.0,worst_slack_ns,288.0,0.915538251399994,0.0650462508201599,0.0762833729386329,-0.5128679871559143,0.3588669896125793,-0.1143268719315528,-0.1015271469950676,0.0127997202798724,mlp,C:\Users\DeAndre\Documents\Spring 2026\nndl\final_project\PPA-Estimation-Project\modeling\results\mlp_seed_sweep_new_ast\run_005\design_metrics.csv
s713,,worst_slack_ns,,0.9580994526474326,,,,,,,,graph_model,C:\Users\DeAndre\Documents\Spring 2026\nndl\final_project\PPA-Estimation-Project\modeling\data\wns_cross_validation_best_epoch_per_design_summary.csv
s713,5.0,worst_slack_ns,288.0,0.9076060652732848,0.0780788213014602,0.0860334411263465,-0.456739991903305,0.40242999792099,-0.0799962729215622,-0.1324420720338821,-0.0524458140134811,linear_regression,C:\Users\DeAndre\Documents\Spring 2026\nndl\final_project\PPA-Estimation-Project\modeling\results\linear_regression\run_084\design_metrics.csv
s713,5.0,worst_slack_ns,288.0,0.990184724330902,0.0247530490159988,0.0280412510037422,-0.456739991903305,0.40242999792099,-0.0799962729215622,-0.0812405049800872,-0.0012442208826541,mlp,C:\Users\DeAndre\Documents\Spring 2026\nndl\final_project\PPA-Estimation-Project\modeling\results\mlp_seed_sweep_new_ast\run_005\design_metrics.csv
s820,,worst_slack_ns,,0.940956230620872,,,,,,,,graph_model,C:\Users\DeAndre\Documents\Spring 2026\nndl\final_project\PPA-Estimation-Project\modeling\data\wns_cross_validation_best_epoch_per_design_summary.csv
s820,4.0,worst_slack_ns,288.0,0.9129232168197632,0.0920746102929115,0.0953658819198608,-0.3234170079231262,0.6648060083389282,0.0998080074787139,0.0077333846129477,-0.0920746102929115,linear_regression,C:\Users\DeAndre\Documents\Spring 2026\nndl\final_project\PPA-Estimation-Project\modeling\results\linear_regression\run_084\design_metrics.csv
s820,4.0,worst_slack_ns,288.0,0.9037091732025146,0.0970956087112426,0.1002845913171768,-0.3234170079231262,0.6648060083389282,0.0998080074787139,0.0027124087791889,-0.0970956087112426,mlp,C:\Users\DeAndre\Documents\Spring 2026\nndl\final_project\PPA-Estimation-Project\modeling\results\mlp_seed_sweep_new_ast\run_005\design_metrics.csv
s832,,worst_slack_ns,,0.9723328434294072,,,,,,,,graph_model,C:\Users\DeAndre\Documents\Spring 2026\nndl\final_project\PPA-Estimation-Project\modeling\data\wns_cross_validation_best_epoch_per_design_summary.csv
s832,2.0,worst_slack_ns,288.0,0.9203341007232666,0.0858625993132591,0.0902091264724731,-0.3316049873828888,0.6678580045700073,0.0963238924741745,0.0104613173753023,-0.0858625993132591,linear_regression,C:\Users\DeAndre\Documents\Spring 2026\nndl\final_project\PPA-Estimation-Project\modeling\results\linear_regression\run_084\design_metrics.csv
s832,2.0,worst_slack_ns,288.0,0.8984811305999756,0.0970930978655815,0.101832777261734,-0.3316049873828888,0.6678580045700073,0.0963238924741745,-0.000769191305153,-0.0970930978655815,mlp,C:\Users\DeAndre\Documents\Spring 2026\nndl\final_project\PPA-Estimation-Project\modeling\results\mlp_seed_sweep_new_ast\run_005\design_metrics.csv
s838,,worst_slack_ns,,0.4926801727803931,,,,,,,,graph_model,C:\Users\DeAndre\Documents\Spring 2026\nndl\final_project\PPA-Estimation-Project\modeling\data\wns_cross_validation_best_epoch_per_design_summary.csv
s838,5.0,worst_slack_ns,288.0,0.962358295917511,0.0507635809481143,0.0578928440809249,-0.4195489883422851,0.5179610252380371,-0.0130551923066377,-0.0278144683688879,-0.0147592760622501,linear_regression,C:\Users\DeAndre\Documents\Spring 2026\nndl\final_project\PPA-Estimation-Project\modeling\results\linear_regression\run_084\design_metrics.csv
s838,5.0,worst_slack_ns,288.0,0.840445876121521,0.1072647050023078,0.1191912516951561,-0.4195489883422851,0.5179610252380371,-0.0130551923066377,-0.1201936677098274,-0.1071384772658348,mlp,C:\Users\DeAndre\Documents\Spring 2026\nndl\final_project\PPA-Estimation-Project\modeling\results\mlp_seed_sweep_new_ast\run_005\design_metrics.csv
s9234,,worst_slack_ns,,0.9545951384152428,,,,,,,,graph_model,C:\Users\DeAndre\Documents\Spring 2026\nndl\final_project\PPA-Estimation-Project\modeling\data\wns_cross_validation_best_epoch_per_design_summary.csv
s9234,4.0,worst_slack_ns,288.0,0.9650302529335022,0.0582848526537418,0.0682941824197769,-0.5231829881668091,0.6010839939117432,-0.0447712615132331,-0.1005730628967285,-0.0558018162846565,linear_regression,C:\Users\DeAndre\Documents\Spring 2026\nndl\final_project\PPA-Estimation-Project\modeling\results\linear_regression\run_084\design_metrics.csv
s9234,4.0,worst_slack_ns,288.0,0.9416411519050598,0.0762077420949935,0.0882248133420944,-0.5231829881668091,0.6010839939117432,-0.0447712615132331,-0.118312269449234,-0.0735410079360008,mlp,C:\Users\DeAndre\Documents\Spring 2026\nndl\final_project\PPA-Estimation-Project\modeling\results\mlp_seed_sweep_new_ast\run_005\design_metrics.csv
s953,,worst_slack_ns,,0.7872380950633576,,,,,,,,graph_model,C:\Users\DeAndre\Documents\Spring 2026\nndl\final_project\PPA-Estimation-Project\modeling\data\wns_cross_validation_best_epoch_per_design_summary.csv
s953,2.0,worst_slack_ns,288.0,0.7385822534561157,0.1909551173448562,0.2123563140630722,-0.2939580082893371,0.9368590116500854,0.2338241934776306,0.0428690649569034,-0.1909551173448562,linear_regression,C:\Users\DeAndre\Documents\Spring 2026\nndl\final_project\PPA-Estimation-Project\modeling\results\linear_regression\run_084\design_metrics.csv
s953,2.0,worst_slack_ns,288.0,0.7039986848831177,0.2082299590110778,0.2259667068719864,-0.2939580082893371,0.9368590116500854,0.2338241934776306,0.0255942083895206,-0.2082299590110778,mlp,C:\Users\DeAndre\Documents\Spring 2026\nndl\final_project\PPA-Estimation-Project\modeling\results\mlp_seed_sweep_new_ast\run_005\design_metrics.csv
sasc,,worst_slack_ns,,0.9539463184420324,,,,,,,,graph_model,C:\Users\DeAndre\Documents\Spring 2026\nndl\final_project\PPA-Estimation-Project\modeling\data\wns_cross_validation_best_epoch_per_design_summary.csv
sasc,5.0,worst_slack_ns,288.0,0.8809248208999634,0.1235832646489143,0.1254877001047134,-0.3465690016746521,0.7585679888725281,0.1124870255589485,0.2360702902078628,0.1235832646489143,linear_regression,C:\Users\DeAndre\Documents\Spring 2026\nndl\final_project\PPA-Estimation-Project\modeling\results\linear_regression\run_084\design_metrics.csv
sasc,5.0,worst_slack_ns,288.0,0.9104393720626832,0.1034666448831558,0.1088301315903663,-0.3465690016746521,0.7585679888725281,0.1124870255589485,0.2159536629915237,0.1034666448831558,mlp,C:\Users\DeAndre\Documents\Spring 2026\nndl\final_project\PPA-Estimation-Project\modeling\results\mlp_seed_sweep_new_ast\run_005\design_metrics.csv
simple_spi,,worst_slack_ns,,0.9136161252290522,,,,,,,,graph_model,C:\Users\DeAndre\Documents\Spring 2026\nndl\final_project\PPA-Estimation-Project\modeling\data\wns_cross_validation_best_epoch_per_design_summary.csv
simple_spi,4.0,worst_slack_ns,288.0,0.9103536009788512,0.0957652777433395,0.1232711225748062,-0.3276579976081848,0.9279900193214417,0.1999631524085998,0.1096798479557037,-0.0902833044528961,linear_regression,C:\Users\DeAndre\Documents\Spring 2026\nndl\final_project\PPA-Estimation-Project\modeling\results\linear_regression\run_084\design_metrics.csv
simple_spi,4.0,worst_slack_ns,288.0,0.8457503318786621,0.1303655356168747,0.161698892712593,-0.3276579976081848,0.9279900193214417,0.1999631524085998,0.0732994526624679,-0.1266636848449707,mlp,C:\Users\DeAndre\Documents\Spring 2026\nndl\final_project\PPA-Estimation-Project\modeling\results\mlp_seed_sweep_new_ast\run_005\design_metrics.csv
ss_pcm,,worst_slack_ns,,0.4296954845523757,,,,,,,,graph_model,C:\Users\DeAndre\Documents\Spring 2026\nndl\final_project\PPA-Estimation-Project\modeling\data\wns_cross_validation_best_epoch_per_design_summary.csv
ss_pcm,3.0,worst_slack_ns,288.0,-2.7871286869049072,0.6240058541297913,0.6249933838844299,-0.2327879965305328,0.7496780157089233,0.2219028174877166,-0.4021030366420746,-0.6240058541297913,linear_regression,C:\Users\DeAndre\Documents\Spring 2026\nndl\final_project\PPA-Estimation-Project\modeling\results\linear_regression\run_084\design_metrics.csv
ss_pcm,3.0,worst_slack_ns,288.0,0.9531009197235109,0.061977282166481,0.0695508643984794,-0.2327879965305328,0.7496780157089233,0.2219028174877166,0.1606582999229431,-0.0612445324659347,mlp,C:\Users\DeAndre\Documents\Spring 2026\nndl\final_project\PPA-Estimation-Project\modeling\results\mlp_seed_sweep_new_ast\run_005\design_metrics.csv
systemcdes,,worst_slack_ns,,-0.1203474609711894,,,,,,,,graph_model,C:\Users\DeAndre\Documents\Spring 2026\nndl\final_project\PPA-Estimation-Project\modeling\data\wns_cross_validation_best_epoch_per_design_summary.csv
systemcdes,2.0,worst_slack_ns,288.0,-2.015124082565308,0.7077997922897339,0.7153651118278503,-0.8039060235023499,0.5867850184440613,-0.2027876228094101,0.5050122141838074,0.7077997922897339,linear_regression,C:\Users\DeAndre\Documents\Spring 2026\nndl\final_project\PPA-Estimation-Project\modeling\results\linear_regression\run_084\design_metrics.csv
systemcdes,2.0,worst_slack_ns,288.0,0.607756495475769,0.2117165774106979,0.2580198347568512,-0.8039060235023499,0.5867850184440613,-0.2027876228094101,-0.0666394382715225,0.1361481994390487,mlp,C:\Users\DeAndre\Documents\Spring 2026\nndl\final_project\PPA-Estimation-Project\modeling\results\mlp_seed_sweep_new_ast\run_005\design_metrics.csv
usb_phy,,worst_slack_ns,,0.9522424862306532,,,,,,,,graph_model,C:\Users\DeAndre\Documents\Spring 2026\nndl\final_project\PPA-Estimation-Project\modeling\data\wns_cross_validation_best_epoch_per_design_summary.csv
usb_phy,1.0,worst_slack_ns,288.0,0.8449190855026245,0.1437042951583862,0.1543281376361847,-0.2611500024795532,0.922760009765625,0.2538192272186279,0.1101149022579193,-0.1437042951583862,linear_regression,C:\Users\DeAndre\Documents\Spring 2026\nndl\final_project\PPA-Estimation-Project\modeling\results\linear_regression\run_084\design_metrics.csv
usb_phy,1.0,worst_slack_ns,288.0,0.9552144408226012,0.0737907588481903,0.0829344317317009,-0.2611500024795532,0.922760009765625,0.2538192272186279,0.3011676073074341,0.0473484061658382,mlp,C:\Users\DeAndre\Documents\Spring 2026\nndl\final_project\PPA-Estimation-Project\modeling\results\mlp_seed_sweep_new_ast\run_005\design_metrics.csv
